{
  "timestamp": "2026-04-29T18:06:01.411188",
  "accel": {
    "x": -0.029419949278235435,
    "y": -9.149603843688965,
    "z": -2.559535503387451
  },
  "gyro": {
    "x": -0.003490658476948738,
    "y": -0.001745329238474369,
    "z": 0.0
  },
  "orientation_deg": {
    "pitch": -0.177,
    "roll": -105.629
  }
}