{
  "timestamp": "2026-04-29T18:02:19.795376",
  "accel": {
    "x": -0.009806649759411812,
    "y": -9.149603843688965,
    "z": -2.559535503387451
  },
  "gyro": {
    "x": 0.0,
    "y": -0.001745329238474369,
    "z": -0.003490658476948738
  },
  "orientation_deg": {
    "pitch": -0.059,
    "roll": -105.629
  }
}