{
  "timestamp": "2026-04-29T17:48:41.098789",
  "accel": {
    "x": -0.06864655017852783,
    "y": -9.43399715423584,
    "z": -1.206217885017395
  },
  "gyro": {
    "x": -0.003490658476948738,
    "y": 0.001745329238474369,
    "z": 0.0
  },
  "orientation_deg": {
    "pitch": -0.414,
    "roll": -97.286
  }
}