{
  "timestamp": "2026-04-29T18:08:40.985517",
  "accel": {
    "x": -0.029419949278235435,
    "y": -8.904438018798828,
    "z": -3.2852277755737305
  },
  "gyro": {
    "x": 0.0,
    "y": 0.005235987715423107,
    "z": -0.001745329238474369
  },
  "orientation_deg": {
    "pitch": -0.178,
    "roll": -110.251
  }
}