{
  "timestamp": "2026-04-29T18:12:04.669828",
  "accel": {
    "x": -0.06864655017852783,
    "y": -8.963277816772461,
    "z": -3.1577413082122803
  },
  "gyro": {
    "x": 0.0,
    "y": 0.0,
    "z": 0.0
  },
  "orientation_deg": {
    "pitch": -0.414,
    "roll": -109.407
  }
}