{
  "timestamp": "2026-04-29T17:42:48.246616",
  "accel": {
    "x": -0.10787314921617508,
    "y": -9.45361042022705,
    "z": -1.206217885017395
  },
  "gyro": {
    "x": 0.0,
    "y": 0.001745329238474369,
    "z": -0.003490658476948738
  },
  "orientation_deg": {
    "pitch": -0.649,
    "roll": -97.271
  }
}