{
  "timestamp": "2026-04-29T17:58:17.518852",
  "accel": {
    "x": -0.029419949278235435,
    "y": -9.45361042022705,
    "z": -1.2258312702178955
  },
  "gyro": {
    "x": 0.0,
    "y": 0.001745329238474369,
    "z": -0.001745329238474369
  },
  "orientation_deg": {
    "pitch": -0.177,
    "roll": -97.388
  }
}